{"cameraMode":{"drawMode":0,"name":"Shaded","section":"Shading Mode"},"sceneLighting":true,"audioPlay":false,"sceneViewState":{"m_AlwaysRefresh":false,"showFog":true,"showSkybox":true,"showFlares":true,"showImageEffects":true,"showParticleSystems":true,"showVisualEffectGraphs":true,"m_FxEnabled":true},"in2DMode":false,"pivot":{"x":2.4120397567749025,"y":6.1447224617004398,"z":-1.5111011266708375},"rotation":{"x":0.2518863081932068,"y":-0.7476457953453064,"z":0.44968661665916445,"w":0.4187847971916199},"size":0.7315934300422669,"orthographic":true}