{"cameraMode":{"drawMode":0,"name":"Shaded","section":"Shading Mode"},"sceneLighting":true,"audioPlay":false,"sceneViewState":{"m_AlwaysRefresh":false,"showFog":true,"showSkybox":true,"showFlares":true,"showImageEffects":true,"showParticleSystems":true,"showVisualEffectGraphs":true,"m_FxEnabled":true},"in2DMode":false,"pivot":{"x":-0.30425333976745608,"y":0.7132562398910523,"z":1.7330617904663087},"rotation":{"x":0.02682916633784771,"y":0.9540122151374817,"z":-0.08984055370092392,"w":0.2848049998283386},"size":0.6639702916145325,"orthographic":true}