{"cameraMode":{"drawMode":0,"name":"Shaded","section":"Shading Mode"},"sceneLighting":true,"audioPlay":false,"sceneViewState":{"m_AlwaysRefresh":false,"showFog":true,"showSkybox":true,"showFlares":true,"showImageEffects":true,"showParticleSystems":true,"showVisualEffectGraphs":true,"m_FxEnabled":true},"in2DMode":false,"pivot":{"x":-0.44604241847991946,"y":0.5087028741836548,"z":-0.33193570375442507},"rotation":{"x":0.04379700869321823,"y":0.9556583762168884,"z":-0.1887519806623459,"w":0.22174595296382905},"size":2.277968645095825,"orthographic":true}