{"cameraMode":{"drawMode":0,"name":"Shaded","section":"Shading Mode"},"sceneLighting":true,"audioPlay":false,"sceneViewState":{"m_AlwaysRefresh":false,"showFog":true,"showSkybox":true,"showFlares":true,"showImageEffects":true,"showParticleSystems":true,"showVisualEffectGraphs":true,"m_FxEnabled":true},"in2DMode":false,"pivot":{"x":0.49258944392204287,"y":1.0742228031158448,"z":-1.4652361869812012},"rotation":{"x":-0.09396171569824219,"y":0.8778789043426514,"z":-0.19263269007205964,"w":-0.42828553915023806},"size":1.7623788118362427,"orthographic":true}