{"cameraMode":{"drawMode":0,"name":"Shaded","section":"Shading Mode"},"sceneLighting":true,"audioPlay":false,"sceneViewState":{"m_AlwaysRefresh":false,"showFog":true,"showSkybox":true,"showFlares":true,"showImageEffects":true,"showParticleSystems":true,"showVisualEffectGraphs":true,"m_FxEnabled":true},"in2DMode":false,"pivot":{"x":0.5450893640518189,"y":0.24106048047542573,"z":0.9612341523170471},"rotation":{"x":-0.021871089935302736,"y":0.827239990234375,"z":-0.0322776660323143,"w":-0.5604956746101379},"size":0.4056237041950226,"orthographic":false}