{"cameraMode":{"drawMode":0,"name":"Shaded","section":"Shading Mode"},"sceneLighting":true,"audioPlay":false,"sceneViewState":{"m_AlwaysRefresh":false,"showFog":true,"showSkybox":true,"showFlares":true,"showImageEffects":true,"showParticleSystems":true,"showVisualEffectGraphs":true,"m_FxEnabled":true},"in2DMode":false,"pivot":{"x":-0.7875120639801025,"y":0.5109238028526306,"z":1.4622845649719239},"rotation":{"x":0.02682916633784771,"y":0.9540122151374817,"z":-0.08984055370092392,"w":0.2848049998283386},"size":0.5042769908905029,"orthographic":true}