{"cameraMode":{"drawMode":0,"name":"Shaded","section":"Shading Mode"},"sceneLighting":true,"audioPlay":false,"sceneViewState":{"m_AlwaysRefresh":false,"showFog":true,"showSkybox":true,"showFlares":true,"showImageEffects":true,"showParticleSystems":true,"showVisualEffectGraphs":true,"m_FxEnabled":true},"in2DMode":false,"pivot":{"x":-0.4753016233444214,"y":3.3435027599334719,"z":4.227370262145996},"rotation":{"x":0.013181542977690697,"y":0.9464240074157715,"z":-0.320368230342865,"w":0.03893006592988968},"size":0.7081652283668518,"orthographic":true}