{"cameraMode":{"drawMode":0,"name":"Shaded","section":"Shading Mode"},"sceneLighting":true,"audioPlay":false,"sceneViewState":{"m_AlwaysRefresh":false,"showFog":true,"showSkybox":true,"showFlares":true,"showImageEffects":true,"showParticleSystems":true,"showVisualEffectGraphs":true,"m_FxEnabled":true},"in2DMode":false,"pivot":{"x":3.4942610263824465,"y":1.5682482719421387,"z":-1.4236854314804078},"rotation":{"x":0.009388172999024392,"y":0.9719483852386475,"z":-0.23168009519577027,"w":0.03938544541597366},"size":0.8855674862861633,"orthographic":true}