{"cameraMode":{"drawMode":0,"name":"Shaded","section":"Shading Mode"},"sceneLighting":true,"audioPlay":false,"sceneViewState":{"m_AlwaysRefresh":false,"showFog":true,"showSkybox":true,"showFlares":true,"showImageEffects":true,"showParticleSystems":true,"showVisualEffectGraphs":true,"m_FxEnabled":true},"in2DMode":false,"pivot":{"x":-0.1854395866394043,"y":0.04837746545672417,"z":-3.1121387481689455},"rotation":{"x":0.22383347153663636,"y":0.7700130343437195,"z":-0.36344853043556216,"w":0.47421911358833315},"size":0.23164944350719453,"orthographic":true}